timestamp,session_id,event_type,user_query,matched_id,similarity_score,bot_reply,total_points,badge,extra
2026-02-28T16:12:28.227618,54e15bc2-e1b5-4b1d-9ea9-ddf9bb90e333,chat,hi,,0.0,"Sorry, I could not find a suitable answer. Please try another keyword such as opening hours, facilities, mini hydropower, turbine, generator, or quiz.",0,New Visitor,fallback
2026-02-28T16:12:34.920302,54e15bc2-e1b5-4b1d-9ea9-ddf9bb90e333,chat,turbine,M003,0.5449,The turbine converts the energy of flowing water into rotational mechanical energy.,10,New Visitor,similarity
2026-02-28T16:12:38.502881,54e15bc2-e1b5-4b1d-9ea9-ddf9bb90e333,chat,hydropower,M005,1.0,"Mini hydropower output is mainly affected by water flow rate, water head, and the efficiency of the turbine-generator system.",25,New Visitor,keyword
2026-02-28T16:12:42.706675,54e15bc2-e1b5-4b1d-9ea9-ddf9bb90e333,chat,hydro,,0.0,"Sorry, I could not find a suitable answer. Please try another keyword such as opening hours, facilities, mini hydropower, turbine, generator, or quiz.",25,New Visitor,fallback
2026-03-01T17:09:53.179637,b1601932-88d0-4735-9c99-f59f11f0ab2e,chat,what is hte main energy source in mini hydrapower,M001,0.3556,Mini hydropower is a small-scale system that uses flowing water to generate electricity.,10,New Visitor,similarity
2026-03-01T17:10:06.182784,b1601932-88d0-4735-9c99-f59f11f0ab2e,quiz,What is the main energy source in mini hydropower?,Q01,1.0,Selected: Flowing water | Correct: Flowing water,30,Explorer Beginner,Mini hydropower uses the energy of flowing water to produce electricity.
2026-03-01T17:10:13.849015,b1601932-88d0-4735-9c99-f59f11f0ab2e,quiz,Which component rotates because of water flow?,Q02,1.0,Selected: Turbine | Correct: Turbine,50,Explorer Beginner,The turbine rotates when driven by flowing water.
2026-03-01T17:10:22.579272,b1601932-88d0-4735-9c99-f59f11f0ab2e,chat,What is the function of a generator in mini hydropower?,M004,0.6932,The generator converts the turbine's rotational energy into electrical energy.,60,Energy Explorer,similarity
2026-03-01T17:10:37.435216,b1601932-88d0-4735-9c99-f59f11f0ab2e,quiz,What is the function of a generator in mini hydropower?,Q03,1.0,Selected: To convert mechanical energy into electricity | Correct: To convert mechanical energy into electricity,80,Energy Explorer,The generator converts rotational mechanical energy into electrical energy.
2026-03-01T17:10:46.109610,b1601932-88d0-4735-9c99-f59f11f0ab2e,quiz,Which factor strongly affects mini hydropower output?,Q04,1.0,Selected: Flow rate | Correct: Flow rate,100,Mini Hydropower Ambassador,Flow rate is one of the main factors affecting the power output of mini hydropower.
2026-03-01T17:10:52.931284,b1601932-88d0-4735-9c99-f59f11f0ab2e,quiz,Why is mini hydropower considered renewable energy?,Q05,1.0,Selected: Because it uses flowing water | Correct: Because it uses flowing water,120,Mini Hydropower Ambassador,"Mini hydropower relies on the natural movement of water, which is a renewable source."
2026-03-01T17:11:02.205139,b1601932-88d0-4735-9c99-f59f11f0ab2e,quiz,What should visitors do near technical equipment?,Q06,1.0,Selected: Stay away unless permitted | Correct: Stay away unless permitted,140,Mini Hydropower Ambassador,Visitors should keep a safe distance from technical equipment unless guided by staff.
2026-03-01T17:11:34.441030,b1601932-88d0-4735-9c99-f59f11f0ab2e,quiz,Mini hydropower is usually designed for ...,Q07,1.0,Selected: Local or small-scale electricity needs | Correct: Local or small-scale electricity needs,160,Mini Hydropower Ambassador,Mini hydropower is commonly used for local and small-scale electricity generation.
2026-03-01T17:11:41.603307,b1601932-88d0-4735-9c99-f59f11f0ab2e,quiz,What makes this tourism site educational?,Q08,1.0,Selected: It combines nature with mini hydropower learning | Correct: It combines nature with mini hydropower learning,180,Mini Hydropower Ambassador,The site supports learning because visitors can see renewable energy concepts in a real natural setting.
2026-03-01T17:11:53.412567,b1601932-88d0-4735-9c99-f59f11f0ab2e,quiz,What is one benefit of gamification in this chatbot?,Q09,1.0,Selected: It can increase engagement and motivation | Correct: It can increase engagement and motivation,200,Mini Hydropower Ambassador,"Points, badges, and quizzes help keep users engaged and interested in learning."
2026-03-01T17:12:01.113405,b1601932-88d0-4735-9c99-f59f11f0ab2e,quiz,How can visitors help protect the tourism site?,Q10,1.0,Selected: By keeping the area clean and following rules | Correct: By keeping the area clean and following rules,220,Mini Hydropower Ambassador,Responsible visitor behavior helps protect both the environment and the learning facilities.
2026-03-01T17:12:52.909053,b1601932-88d0-4735-9c99-f59f11f0ab2e,quiz,What is the main energy source in mini hydropower?,Q01,1.0,Selected: Flowing water | Correct: Flowing water,20,New Visitor,Mini hydropower uses the energy of flowing water to produce electricity.
2026-03-01T17:13:00.417344,b1601932-88d0-4735-9c99-f59f11f0ab2e,quiz,Which component rotates because of water flow?,Q02,1.0,Selected: Turbine | Correct: Turbine,40,Explorer Beginner,The turbine rotates when driven by flowing water.
2026-03-01T17:13:06.195929,b1601932-88d0-4735-9c99-f59f11f0ab2e,quiz,What is the function of a generator in mini hydropower?,Q03,1.0,Selected: To convert mechanical energy into electricity | Correct: To convert mechanical energy into electricity,60,Energy Explorer,The generator converts rotational mechanical energy into electrical energy.
2026-03-01T17:13:11.081078,b1601932-88d0-4735-9c99-f59f11f0ab2e,quiz,Which factor strongly affects mini hydropower output?,Q04,1.0,Selected: Flow rate | Correct: Flow rate,80,Energy Explorer,Flow rate is one of the main factors affecting the power output of mini hydropower.
2026-03-01T17:13:15.730307,b1601932-88d0-4735-9c99-f59f11f0ab2e,quiz,Why is mini hydropower considered renewable energy?,Q05,1.0,Selected: Because it uses flowing water | Correct: Because it uses flowing water,100,Mini Hydropower Ambassador,"Mini hydropower relies on the natural movement of water, which is a renewable source."
2026-03-01T17:13:22.059122,b1601932-88d0-4735-9c99-f59f11f0ab2e,quiz,What should visitors do near technical equipment?,Q06,1.0,Selected: Stay away unless permitted | Correct: Stay away unless permitted,120,Mini Hydropower Ambassador,Visitors should keep a safe distance from technical equipment unless guided by staff.
2026-03-01T17:13:32.821903,b1601932-88d0-4735-9c99-f59f11f0ab2e,quiz,Mini hydropower is usually designed for ...,Q07,1.0,Selected: Local or small-scale electricity needs | Correct: Local or small-scale electricity needs,140,Mini Hydropower Ambassador,Mini hydropower is commonly used for local and small-scale electricity generation.
2026-03-01T17:13:39.814867,b1601932-88d0-4735-9c99-f59f11f0ab2e,quiz,What makes this tourism site educational?,Q08,1.0,Selected: It combines nature with mini hydropower learning | Correct: It combines nature with mini hydropower learning,160,Mini Hydropower Ambassador,The site supports learning because visitors can see renewable energy concepts in a real natural setting.
2026-03-01T17:13:44.740444,b1601932-88d0-4735-9c99-f59f11f0ab2e,quiz,What is one benefit of gamification in this chatbot?,Q09,1.0,Selected: It can increase engagement and motivation | Correct: It can increase engagement and motivation,180,Mini Hydropower Ambassador,"Points, badges, and quizzes help keep users engaged and interested in learning."
2026-03-01T17:13:48.226471,b1601932-88d0-4735-9c99-f59f11f0ab2e,quiz,How can visitors help protect the tourism site?,Q10,1.0,Selected: By keeping the area clean and following rules | Correct: By keeping the area clean and following rules,200,Mini Hydropower Ambassador,Responsible visitor behavior helps protect both the environment and the learning facilities.
2026-03-01T17:14:07.971955,b1601932-88d0-4735-9c99-f59f11f0ab2e,chat,apa itu mini hydropower,M001,0.4323,Mini hydropower is a small-scale system that uses flowing water to generate electricity.,210,Mini Hydropower Ambassador,similarity
2026-03-01T17:17:45.463331,39cd0ce4-c263-4154-a53d-62630276816a,chat,apa itu pltmh,,0.0,"Sorry, I could not find a suitable answer. Please try another keyword such as opening hours, facilities, mini hydropower, turbine, generator, or quiz.",0,New Visitor,fallback
2026-03-01T17:18:06.774324,39cd0ce4-c263-4154-a53d-62630276816a,chat,PLTMH,,0.0,"Sorry, I could not find a suitable answer. Please try another keyword such as opening hours, facilities, mini hydropower, turbine, generator, or quiz.",0,New Visitor,fallback
2026-03-01T17:22:31.864478,9ecc5aee-e629-4f8c-a2ef-e153ef2ed0e0,chat,Apa sumber energi utama pada PLTMH (Pembangkit Listrik Tenaga Mikro Hidro)?,M001,0.7454, PLTMH adalah sistem pembangkit listrik berskala kecil yang menggunakan aliran air untuk menghasilkan listrik.,10,New Visitor,similarity
2026-03-01T17:22:43.684995,9ecc5aee-e629-4f8c-a2ef-e153ef2ed0e0,chat,buka nya kapan?,W001,0.4892,Tempat wisata ini buka setiap hari dari pukul 08:00 hingga 17:00. Jam operasional dapat berubah pada hari libur nasional atau saat cuaca buruk.,15,New Visitor,similarity
2026-03-01T17:22:49.616052,9ecc5aee-e629-4f8c-a2ef-e153ef2ed0e0,chat,bukanya kapan,W001,1.0,Tempat wisata ini buka setiap hari dari pukul 08:00 hingga 17:00. Jam operasional dapat berubah pada hari libur nasional atau saat cuaca buruk.,15,New Visitor,keyword
2026-03-01T17:22:57.834711,9ecc5aee-e629-4f8c-a2ef-e153ef2ed0e0,chat,lokasi dimana,,0.0,"Sorry, I could not find a suitable answer. Please try another keyword such as opening hours, facilities, mini hydropower, turbine, generator, or quiz.",15,New Visitor,fallback
2026-03-01T17:23:36.861648,9ecc5aee-e629-4f8c-a2ef-e153ef2ed0e0,chat,apa itu mhp,M001,0.4182, PLTMH adalah sistem pembangkit listrik berskala kecil yang menggunakan aliran air untuk menghasilkan listrik.,15,New Visitor,similarity
2026-03-01T17:30:11.601073,9ecc5aee-e629-4f8c-a2ef-e153ef2ed0e0,chat,beritahu saya gunanya mhp ini apa ,,0.0,"Sorry, I could not find a suitable answer. Please try another keyword such as opening hours, facilities, mini hydropower, turbine, generator, or quiz.",15,New Visitor,fallback
2026-03-01T17:32:31.489989,9ecc5aee-e629-4f8c-a2ef-e153ef2ed0e0,chat,halo disana,,0.0,"Sorry, I could not find a suitable answer. Please try another keyword such as opening hours, facilities, mini hydropower, turbine, generator, or quiz.",15,New Visitor,fallback
2026-03-01T17:33:05.569779,9ecc5aee-e629-4f8c-a2ef-e153ef2ed0e0,chat,halo disana,,0.0,"Maaf, saya tidak dapat menemukan jawaban yang sesuai. Silakan coba kata kunci lain seperti jam buka, fasilitas, PLTMH, turbin, generator, atau kuis.",15,New Visitor,fallback
2026-03-01T17:33:21.548375,9ecc5aee-e629-4f8c-a2ef-e153ef2ed0e0,chat,Aturan keselamatan apa yang harus diikuti pengunjung?,W003,0.738,"Pengunjung harus menghindari area yang licin, menjauh dari peralatan teknis tanpa izin, dan mematuhi rambu-rambu serta instruksi staf setiap saat.",25,New Visitor,similarity
2026-03-01T17:41:06.826684,49d28cf7-c4f5-461e-849f-023a01e10bb4,chat,apa itu pltmh,M001,0.5535, PLTMH adalah sistem pembangkit listrik berskala kecil yang menggunakan aliran air untuk menghasilkan listrik.,10,New Visitor,similarity
2026-03-01T17:41:15.064146,49d28cf7-c4f5-461e-849f-023a01e10bb4,chat,berikan jawaban lain ,,0.0,"Maaf, saya tidak dapat menemukan jawaban yang sesuai. Silakan coba kata kunci lain seperti jam buka, fasilitas, PLTMH, turbin, generator, atau kuis.",10,New Visitor,fallback
2026-03-01T17:41:23.395999,49d28cf7-c4f5-461e-849f-023a01e10bb4,chat,saya ingin bertanya jam buka nya kapan,W001,0.5707,Tempat wisata ini buka setiap hari dari pukul 08:00 hingga 17:00. Jam operasional dapat berubah pada hari libur nasional atau saat cuaca buruk.,15,New Visitor,similarity
